name,website,hq_or_local_address,areas_served,scale,years_in_business,google_rating,google_review_count,facebook_url,facebook_followers,instagram_url,instagram_followers,youtube_url,tiktok_url,bbb,major_services,termite_offering,recurring_program,specialty_services,guarantees,promotions,advertised_pricing,customer_reported_pricing,online_booking,chat,website_quality_notes,differentiators,overlap_with_bt,sources,date_accessed
Orkin Wilmington Branch 342,https://www.orkin.com/locations/north-carolina-nc/wilmington-pest-control,"98 Lullwater Dr, Wilmington, NC 28403; also chamber-listed New Bern 1317 Commerce Dr","Wilmington, Burgaw, Carolina Beach, Castle Hayne, Hampstead, Holly Ridge, Leland, Rocky Point, Sneads Ferry, Wallace, Brunswick beaches",National,Brand 125+ years; local founding Unknown,4.8 (Birdeye Wilmington; Google subset 962),1056 Birdeye / 962 Google subset,Unknown,Unknown,Unknown,Unknown,Unknown,Unknown,Unknown,"General pest, mosquitoes, rodents, stinging insects, termites, bed bugs, commercial",Yes — Sentricon bait; liquid barriers; dry foam; free inspection advertised,Yes,Commercial verticals (food service education multifamily logistics retail),Satisfaction guaranteed or money back; free touch-ups,Unknown,Unknown — quote-driven,Unknown,Existing-customer portal; new-customer quote form; 24/7 phone,Unknown,Strong national SEO location pages; generic copy,Brand trust; 24/7; 160 training hours advertised,Direct,orkin.com location pages; jacksonvillenccoc chamber; birdeye.com/orkin-170268210590348,2026-08-23
Terminix Wilmington,https://www.terminix.com/exterminators/nc/wilmington-52110008/,"2111 Capital Drive, Wilmington, NC 28405","Shallotte Leland Hampstead Carolina Beach Kure Beach Castle Hayne Burgaw Surf City Holly Ridge Wallace Rocky Point Wrightsville Beach; Jacksonville city page",National,Brand 90+; Wilmington 80-year family-run claim unverified,Unknown locally,Unknown locally,Unknown,Unknown,Unknown,Unknown,Unknown,Unknown,Unknown,"General pest, termite, mosquito, wildlife/rodent, bed bugs, attic insulation",Yes — Termidor liquid + Sentricon; free inspection,Yes,USDA Zone 1 termite messaging,Brand warranties Unknown locally,Unknown,Unknown,Unknown,Phone + web quote; claims 24-hour branch,Unknown,Heavy national SEO city pages competing with B&T,Termite brand; Sentricon/Termidor network,Direct,terminix.com; insect.com Wilmington and Jacksonville; angi.com Terminix Wilmington,2026-08-23
Aptive Pest Control Wilmington,https://aptivepestcontrol.com/locations/north-carolina-nc/jacksonville-nc-pest-control/,"10 Cardinal Dr S Suite 100, Wilmington, NC 28403","Burgaw Carolina Beach Castle Hayne Hampstead Holly Ridge Hubert Jacksonville Kure Beach Maple Hill Maysville Newport Richlands Rocky Point Sneads Ferry Stella Swansboro Wallace Wilmington plus others",National,Unknown locally,4.3 Trustpilot Wilmington Sales (33 reviews); Google Unknown,Unknown Google / 33 Trustpilot,Unknown,Unknown,Unknown,Unknown,Unknown,Unknown,Unknown,"Year-round residential perimeter/interior; ants roaches fleas flies mosquitoes moths rodents spiders ticks",Not featured on Jacksonville page (Unknown locally),Yes — core model,Photo-proof technician visits,Return between treatments at no extra cost,Unknown,Unknown,Unknown,Quote form; phone hours M-F 8am-10pm Sat 9am-7pm,Unknown,High SEO; city pages for Jacksonville AND Wilmington,Lists every B&T city from one office; evening/Saturday sales,Direct,aptivepestcontrol.com Jacksonville and Wilmington; uk.trustpilot.com goaptive Wilmington,2026-08-23
Mosquito Joe of Jacksonville-Morehead City,https://mosquitojoe.com/locations/north-carolina/jacksonville/,Jacksonville-Morehead franchise; SE NC office 4701 Wrightsville Ave Ste E4 Wilmington NC 28403,"Carteret Craven Jacksonville Jones Onslow; Cape Carteret mentioned in reviews; separate SE NC Wilmington franchise",National franchise locally owned,Unknown locally,Unknown Google; site shows 51 customer reviews,51 on franchise page (platform Unknown),Linked from site,Unknown,Linked from site,Unknown,Linked from site,Unknown,Unknown,"Mosquito tick eco-friendly MoJo Home Pest Defense rodent (varies); exterior-first",No,Monthly mosquito (customer-reported),Event treatments; pollinator/Green Standard Gold,Satisfaction Guarantee + Neighborly Done Right Promise — fix or refund within 14 days,$25 off first treatment; 5% Hero discount LE/fire/military expire 12/31/2026,Discount amounts only; base Unknown,Rates competitive (customer-reported),Quote form,No live chat observed,Strong franchise template with offers and FAQs,Outdoor-living brand; military discount; veteran-owned claim in one review,Direct,mosquitojoe.com Jacksonville and south-eastern-nc contact,2026-08-23
Mosquito Authority of Jacksonville,https://www.mosquito-authority.com/jacksonville-nc/,"Sneads Ferry NC 28460 (franchise page); phone (803) 598-9565","Camp Lejeune Holly Ridge Hubert Jacksonville Maysville McCutcheon Field Midway Park Richlands Sneads Ferry Stella Swansboro Tarawa Terrace",National franchise,Unknown; 8-year customer claim,Unknown,Unknown,Unknown,Unknown,Unknown,Unknown,Unknown,Unknown,Unknown,"Mosquito 21-day cycle; fly; add-on tick flea gnat; bundled pest/termite in Total Home",Advertised only inside $149/mo Total Home bundle — self-perform Unknown,Yes every ~21 days; no long-term contracts advertised,Dedicated mosquito company not lawn crew,Free re-treat between visits,Bundled plans on site,$39 add-on per service; $89/mo mosquito+pest; $149/mo total home/yard,Fairly priced (customer-reported),Quote form,Unknown,Clear public offer stack,Published monthly prices vs B&T $45 PestGuard; 21-day cycle; no-contract,Direct,mosquito-authority.com/jacksonville-nc/,2026-08-23
Mosquito Authority of Wilmington,https://www.mosquito-authority.com/wilmington-nc/,"Wilmington NC 28412; (910) 537-2540","Atkinson Burgaw Carolina Beach Castle Hayne Hampstead Kure Beach Leland Maple Hill Oak Island Rocky Point Southport Willard Wilmington Winnabow Wrightsville Beach",National franchise,Unknown,Unknown,Unknown,Unknown,Unknown,Unknown,Unknown,Unknown,Unknown,Unknown,Mosquito and tick control; no-obligation estimate,Unknown,Seasonal/recurring,Science-based lifecycle treatments,Service guarantee; free re-treat language,Unknown,Unknown,Unknown,Quote form,Unknown,Standard franchise location page,Covers New Hanover/Pender beach towns,Direct,mosquito-authority.com/wilmington-nc/,2026-08-23
Mosquito Squad of Wilmington and The Crystal Coast,https://www.mosquitosquad.com/wilmington-crystal-coast/,"3525 Carolina Beach Rd, Wilmington, NC 28412; (910) 427-5920","Jacksonville Camp Lejeune Holly Ridge Hubert Hampstead Burgaw Sneads Ferry Swansboro Richlands Maple Hill Maysville Newport Morehead City Wrightsville Carolina Beach Kure Beach Rocky Point and most of Onslow/Pender/New Hanover/Carteret",National franchise,Unknown locally,4.9 Birdeye,423 Birdeye,Unknown,Unknown,Unknown,Unknown,Unknown,Unknown,Unknown,"Barrier mosquito (85-90% reduction up to 21 days); natural essential-oil option; event sprays; ticks; commercial; general pest",No,Every 2-3 weeks advertised,Event sprays; natural treatments,100% satisfaction; make it right,Unknown,Unknown,Unknown,Yes Book Now,Unknown,Strong local franchise site; huge city list for long-tail SEO,Event sprays + Crystal Coast and Jacksonville in one franchise,Direct,mosquitosquad.com Wilmington-Crystal Coast and areas-we-service; Birdeye,2026-08-23
Massey Services Wilmington,https://www.masseyservices.com/swansboro/,"2710-A Exchange Dr, Wilmington, NC 28405; (910) 408-7030","Swansboro Jacksonville Morehead City New Bern Newport Richlands Sneads Ferry Topsail Wilmington Burgaw and others",National / large regional,Brand since 1985; local start Unknown,Brand claims 15000+ reviews; local Google Unknown,Unknown locally,Unknown,Unknown,Unknown,Unknown,Unknown,Unknown,Unknown,Pest and termite; free inspection,Yes,Yes,QualityPro NPMA,No-Nonsense Money-Back: 24-hour free response between treatments; after 30 days extra treatments or refund last payment,Unknown,Unknown — Buy Online may price by address,Unknown,Yes buynow.masseyservices.com,Unknown,Polished national city pages,Ecommerce checkout; money-back,Direct,masseyservices.com/swansboro/,2026-08-23
Hawx Pest Control,https://hawxpestcontrol.com/pest-control-jacksonville-nc/,"4536-1 Technology Dr, Wilmington, NC 28405; (855) 739-0061",Jacksonville landing page from Wilmington office; Onslow implied,National,Unknown locally,4.6 (site widget),1987 (site widget; likely office/company aggregate),Unknown,Unknown,Unknown,Unknown,Unknown,Unknown,Unknown,"General pest subscription initial + every 90 days; de-webbing foundation crack-crevice yard; add-on fire ants carpenter ants German roaches brown recluse bed bugs; commercial",Listed in pest library; depth Unknown,90-day subscription,Same or next day advertised,Free re-service / warranty between regular visits,Unknown,Unknown — inspect then quote,Unknown,Phone-first,Unknown,Modern conversion pages; Jacksonville humidity copy,Speed; subscription simplicity; review volume,Direct,hawxpestcontrol.com Jacksonville page,2026-08-23
Arrow Exterminators / Stark Exterminators,https://www.arrowexterminators.com/,Atlanta HQ; Stark hiring commercial techs in Wilmington — consumer storefront Unknown,Wilmington commercial confirmed; residential service area Unknown,National,Brand since 1964,Unknown locally,Unknown,Unknown,Unknown,Unknown,Unknown,Unknown,Unknown,Unknown,"Pest termite wildlife bed bug bird commercial IPM STEPS",Yes brand,Yes,Commercial IPM; 6th-largest US pest company,100% STEPS guarantee brand,Unknown,Unknown,Unknown,Unknown,Unknown,National site; local consumer GMB not confirmed,Treat as commercial Wilmington threat more than Maps residential,Adjacent / commercial,arrowexterminators.com; Stark Wilmington job listings; NCPMA,2026-08-23
Dodson Pest Control,https://www.dodsonbros.com/location/jacksonville/,Family-owned VA roots since 1944; Jacksonville physical address Unknown; (844) 501-5090,"Jacksonville New Bern Kinston Havelock Morehead City Atlantic Beach Emerald Isle Topsail Beach",Regional,82+ brand,4.9 site,293 site (brand or region),Unknown,Unknown,Unknown,Unknown,Unknown,Unknown,Unknown,"Pest termite rodent bed bugs incl heat moisture; same-day advertised",Yes,Implied,Heat bed bugs; moisture,100% satisfaction,Unknown,Unknown,Unknown,Request-inspection form,Unknown,Template location pages,Topsail Beach listing is the B&T overlap,Direct,dodsonbros.com/location/jacksonville/; NCPMA,2026-08-23
Bug Out Wilmington,https://www.bugoutservice.com/locations/wilmington-nc/,"2000 Corporate Dr Unit 2, Wilmington, NC 28405; (910) 944-1825","Camp Lejeune Carolina Beach Castle Hayne Emerald Isle Hampstead Jacksonville Leland Morehead City Rocky Point Wilmington Brunswick",Regional,Since 1963,4.5 site (brand-wide),4709 brand-wide,Unknown,Unknown,Unknown,Unknown,Unknown,Unknown,Unknown,"General pest one-time termite mosquito tick monthly attic insulation moisture crawl gutters rodent wildlife exclusion",Yes bait and/or liquid; re-treat and repair up to $250000 advertised,Seasonal pest plan; monthly mosquito/tick,Insulation and moisture attach,Free re-treat between visits; 30-day on one-time; termite re-treat/repair,Unknown,Unknown,Unknown,Quote form not instant book,Unknown,Full service-line site,Termite repair cap $250k; Jacksonville/Hampstead/Camp Lejeune listed,Direct,bugoutservice.com/locations/wilmington-nc/,2026-08-23
Home Paramount Pest Control,https://homeparamount.com/service-area/jacksonville-nc/,Mid-Atlantic since 1939; Jacksonville service-area page; Wilmington directories cite 3015 Market St; 888-888-4663,Advertises Jacksonville; local staffed office not independently confirmed,Regional,85+ brand,Unknown locally,Unknown,Unknown,Unknown,Unknown,Unknown,Unknown,Unknown,Unknown,"Pest termite wildlife bed bug mosquito tick; 24/7 emergency same-day free inspections",Yes,Unknown,24/7 emergency,Unknown,Unknown,Unknown,Unknown,Quote/phone,Unknown,SEO location-page competitor,Verify dispatch before treating as real Onslow operator,Advertised Direct,homeparamount.com Jacksonville; pestcontrolreviews.com,2026-08-23
Critter Control Wilmington,https://www.crittercontrol.com/office-finder/north-carolina/wilmington/,National wildlife brand; Wilmington (910) 535-9642,"Wrightsville Beach Downtown Wilmington New Hanover implied",National specialist,Brand 40 years,Unknown,Unknown,Unknown,Unknown,Unknown,Unknown,Unknown,Unknown,Unknown,"Wildlife inspection humane removal exclusion attic restoration insulation ectoparasite treatment",No,Maintenance after exclusion,Raccoons squirrels bats snakes rats mice birds opossums; RAC financing,Satisfaction guaranteed; squirrel whole-home exclusion 1-year warranty,Unknown,Unknown,Unknown,Quote/phone,Unknown,National wildlife content,Pure wildlife + restoration vs bundled pest,Direct Wilmington,crittercontrol.com Wilmington,2026-08-23
Economy Exterminators,https://www.economyexterminators.com/wilmington-pest-control/,"3135 Kitty Hawk Rd, Wilmington, NC 28405; (910) 790-2000","Wilmington Burgaw Carolina Beach Castle Hayne Figure Eight Hampstead Kure Beach North Topsail Beach Rocky Point Surf City Topsail Beach Wallace Wrightsville Beach Brunswick",Regional,Serving NC since 1976,4.9 site (may be company-wide),1750+ site; header also says 3000+,Unknown,Unknown,Unknown,Unknown,Unknown,Unknown,Unknown,"Pest termite moisture/crawl bed bugs mosquitoes rodents Total Home Protection",Yes,Yes,Crawl-space + pest,Award-winning and guaranteed; details Unknown,Unknown,No dollars; call or text for quote,Super affordable / reasonably priced (testimonials not numbers),Call/text + inspection request,Unknown,Excellent educational coastal-moisture SEO,Text-to-quote; moisture under one roof,Direct,economyexterminators.com Wilmington; Yelp,2026-08-23
Eastline Pest Management,https://eastlinepest.com/pest-control-jacksonville-nc,"1140 Broad Creek Rd, New Bern, NC 28560; (252) 633-1719","Jacksonville Swansboro Hubert Richlands Maysville Sneads Ferry Holly Ridge Camp Lejeune Piney Green Pender Jones; Crystal Coast Morehead Beaufort Newport Atlantic Beach Emerald Isle Cape Carteret Cedar Point",Regional,25+,4.9 site 400+; Homespot 4.9/284,400+ site / 284 Homespot,Unknown,Unknown,Unknown,Unknown,Unknown,Unknown,Unknown,"Recurring general pest Termidor termite WDIR-100 mosquito/tick rodent exclusion fire ants commercial crawl moisture/encapsulation",Yes Termidor + WDIR,Yes,Military/PCS/VA-loan positioning; QualityPro,Free estimates; military-friendly discount amount Unknown,Unknown,Unknown,Unknown,Schedule-online CTA + estimate form,Unknown,Best-in-class local SEO city pages,QualityPro; Camp Lejeune specialist,Direct,eastlinepest.com; NCPMA; homespothq.com,2026-08-23
Rid-A-Pest Inc,https://www.ridapest.com/locations/pest-control-jacksonville,"4320 Arendell St, Morehead City, NC 28557; (252) 240-2266 OCHBA","Jacksonville Sneads Ferry; Crystal Coast implied",Regional,54 years third generation,4.9 site (company-wide likely),1925 site,Unknown,Unknown,Unknown,Unknown,Unknown,Unknown,Unknown,"Residential commercial rodent termite Sentricon+Termidor mosquito misting WDI; same-day if booked before noon",Yes Sentricon and Termidor,MyShield and mosquito program,Same-day,Call-back return at no additional cost,Free inspection any service through 08/31/2026; $75 off first MyShield visit; $100 off termite,Discount amounts only,Unknown,Estimate form,Unknown,National-style location pages,Same-day; promo stack; OCHBA member,Direct,ridapest.com Jacksonville; onslowbuildersbuyersguide.com,2026-08-23
Pest and Termite Consultants,https://www.pestandtermiteconsultants.com/areas-we-serve/sneads-ferry,Triangle since 1993; Wilmington-area team; (910) 707-3830; NCPMA Raleigh,"Sneads Ferry Jacksonville Surf City Hampstead North Topsail Dixon Holly Ridge Carolina Beach Wilmington Kure Beach Wrightsville Leland Castle Hayne Burgaw Camp Lejeune Richlands Hubert",Regional,Since 1993,4.9 site,840+ site,Unknown,Unknown,Unknown,Unknown,Unknown,Unknown,A+ accredited (site),"Quarterly pest Trelona ATBS annual termite inspection mosquito rodent exclusion commercial eco-friendly military housing clearance",Yes Trelona,PTC Plus quarterly; no long-term contracts advertised,Military PCS clearance,Free reservice,PTC Plus first-year value claim,$175 per quarter / $700 per year pest + Trelona install (claimed $1600 first-year value),Unknown,Quote form,Unknown,Aggressive city SEO + transparent program price,Bundled termite bait at published quarterly price,Direct,pestandtermiteconsultants.com Sneads Ferry Jacksonville Carolina Beach,2026-08-23
Diamond Pest Pro,https://www.diamondpestpro.com/,"Hampstead/Jacksonville branch 67 Downy Drive Hampstead NC 28443 (910) 459-5515; Wilmington 2925 Boundary St Unit 33 (910) 415-8155",New Hanover Brunswick Pender Onslow Jones including Wilmington Leland Hampstead Jacksonville Holly Ridge Sneads Ferry Surf City Swansboro,Regional,Since 2020,4.9 company-wide,780+ company-wide,Unknown,Unknown,Unknown,Unknown,Unknown,Unknown,Unknown,"Full pest menu bed bugs heat+chemical termite Trelona mosquito moles/voles HOA condos commercial property management 3 Zone Protection",Yes Trelona specialist; $299/year annual plan,Yes; free callbacks,HOA/property management packaging; pet-safe/organic,100% — if bugs come back so do they,Unknown,Initial interior+exterior starts at $269; termite $299/year,Unknown,Quote form; 1-2 business day inspections,Unknown,Modern priced four-branch map; Hampstead address in B&T core,Public pricing; digital-native; Trelona cert,Direct,diamondpestpro.com,2026-08-23
Go-Forth Pest Control Hampstead,https://www.yelp.com/biz/go-forth-pest-control-hampstead,"233 A Merchants Cir Ste 203, Hampstead, NC 28443",Hampstead and Wilmington NC and beyond (Yelp),Regional,Brand since 1959,Unknown,Unknown,Unknown,Unknown,Unknown,Unknown,Unknown,Unknown,Unknown,"Ants roaches hornets/wasps mosquitoes bed bugs fleas mice/rats general pest termites (Yelp)",Yes Yelp,Unknown,Unknown,Unknown,Unknown,Unknown,Unknown,Unknown,Unknown,Corporate site fetch timed out; Yelp listing current,Physical Hampstead office in Pender/Topsail corridor,Direct,Yelp Hampstead (SERP updated April 2026); NCPMA Greensboro entities,2026-08-23
Clarks Termite and Pest Control,https://www.clarkspest.com/north-carolina-pest-control/jacksonville-nc/,No Jacksonville street address on page; (866) 781-4991,Advertised Jacksonville page; local branch Unknown,Regional,Unknown,Unknown,Unknown,Unknown,Unknown,Unknown,Unknown,Unknown,Unknown,Unknown,General pest prevention,Unknown,Unknown,Unknown,Unknown,Unknown,Unknown,Unknown,Quote form,Unknown,SEO location page,Advertised coverage not confirmed local dispatch,Advertised Direct,clarkspest.com Jacksonville,2026-08-23
Modern Exterminating,https://modernexterminating.com/,"627 College Street, Jacksonville, NC 28540; (910) 996-5225 / (910) 455-5122",Onslow Carteret Craven Pender Jones Duplin including Holly Ridge NTB Richlands Surf City Swansboro Hubert Verona Half Moon Piney Green Sneads Ferry Cape Carteret Cedar Point Newport Burgaw Hampstead Rocky Point Maple Hill Maysville,Local / Eastern NC,Since 1952,4.8 Birdeye; site Excellent 2298,2381 Birdeye / 2298 site widget,Unknown,Unknown,Unknown,Unknown,Unknown,Unknown,A+ accredited,"Termite ants mosquito roach general pest bed bugs heat+chemical moisture pre-construction termite WDIR",Yes,Ongoing maintenance plans,WDIR/realtor machine; online bill pay,Guaranteed results copy; specifics Unknown,Unknown,Unknown,Unknown,Free estimate form + online bill pay,Unknown,Functional dated template; review widget is conversion engine,Deepest Onslow tenure; six-county match to B&T,Direct,modernexterminating.com; BBB; chamber; NCPMA; OCHBA; Birdeye,2026-08-23
May Exterminating,https://www.mayexterminating.com/,"2701 Commerce Rd, Jacksonville, NC 28546; (910) 696-6871 / chamber (910) 455-5888","Jacksonville New Bern Beaufort Beulaville Bogue Camp Lejeune Emerald Isle Half Moon Hampstead Havelock Morehead City Peletier Piney Green Richlands Wallace; Holly Ridge/Surf City not listed",Local,Since 1963,Unknown,Unknown,Unknown,Unknown,Unknown,Unknown,Unknown,Unknown,Unknown,"General pest bed bugs termites WDIR pre-construction termite moisture/crawl military/rental move-out sprays; same-day",Yes,Tailored plans details Unknown,Military move-out sprays,Unknown,$60 Move-Out Spray Special cannot combine,$60 move-out spray,Unknown,Estimate form,Unknown,Clean modern site; realtor testimonials,60-year Jacksonville name; $60 military move-out,Direct,mayexterminating.com; chamber; NCPMA; OCHBA,2026-08-23
Jones Pest Control Inc,https://jonespestnc.com/,"Jacksonville NC 28540; Porch 407 Turp Landing Ln Jacksonville NC 28546; (910) 430-0169",Jacksonville core; Porch lists huge Eastern NC dump — not a confirmed dispatch list,Local,Since 2005,4.58-4.6 Porch aggregate,182 Porch,Unknown,Unknown,Unknown,Unknown,Unknown,Unknown,Unknown,"Termite and pest; residential apartments condos commercial; mosquito yard spray (customers)",Yes,Annual inspections; they call customer to schedule (customer-reported),Financing advertised,Unknown; one no-charge wood-rot call (customer-reported),Unknown,Unknown,Mosquito price fair (customer-reported),Phone,Unknown,Minimal brochure site,Local owner not a corporation; reminder culture,Direct,jonespestnc.com; Porch,2026-08-23
Gs Pest Control LLC,https://gspestcontrol.com/services/,"1500 Quarters Landing Cir #514, Sneads Ferry, NC 28460; Greg Marks; (910) 325-2381",Sneads Ferry Holly Ridge North Topsail surrounding,Local small,Unknown,Unknown,Unknown,Unknown,Unknown,Unknown,Unknown,Unknown,Unknown,Unknown,"General pest ants rodents cockroaches spiders mosquitoes termite WDIR",Yes,Unknown,WDIR for real estate,Unknown,Unknown,Affordable only,Unknown,Unknown,Unknown,Services page clear; homepage timed out,Hyperlocal to B&T HQ towns,Direct,gspestcontrol.com/services/; ProvenExpert,2026-08-23
Buggin-Out Pest Control,https://nextdoor.com/pages/buggin-out-pest-control-holly-ridge-nc/,"489 Holly Ridge Rd, Holly Ridge, NC 28445; (910) 389-0208; Lic 1562PW",Southeastern NC / Holly Ridge hometown,Local small,Unknown,Unknown,Unknown,Unknown,Unknown,Unknown,Unknown,Unknown,Unknown,Unknown,"Roaches ants spiders fleas mosquitoes termites WDIR; monthly service and gutter cleaning mentioned on Nextdoor",Yes,Monthly mentioned on Nextdoor,Veteran-operated,Unknown,Unknown,Unknown,Unknown,Phone/text/email,Unknown,No reliable marketing site; MapQuest says permanently closed vs Nextdoor active — VERIFY,Direct Holly Ridge micro-competitor if operating,Direct,Nextdoor; NCPMA Feb 8 2024; MapQuest,2026-08-23
Jay Taylor Exterminating,https://www.jaytaylorexterminating.com/,Wilmington NC; (910) 586-3788 site / (910) 791-6836 BBB,Wilmington New Hanover Pender Onslow Brunswick Columbus Ocean Isle Beach,Local / SE NC,Since 1941,4.8 site Wilmington Google 360+; 4.9 Birdeye,360+ Google site / 1753 Birdeye,Unknown,Unknown,Unknown,Unknown,Unknown,Unknown,A+ accredited,"Kid/pet-friendly general pest mosquitoes bed bugs termites commercial flies",Yes Sentricon Always Active; free inspections,Yes interior/exterior barrier programs,Fourth-generation family,Unknown beyond free quotes,Unknown,Unknown,Unknown,Quote form,Unknown,Strong local brand site; Sentricon hero,80+ year Cape Fear name; advertised Onslow,Direct,jaytaylorexterminating.com; BBB; Birdeye; NCPMA,2026-08-23
Canady and Son Exterminating,https://canadyandson.com/,"113 Sweetwater Dr, Wilmington, NC 28411; (910) 686-9541","Wilmington Leland Southport Hampstead Carolina Beach Burgaw Atkinson Currie Surf City",Local,BBB founding 1976; site 50+,Unknown,Unknown,Unknown,Unknown,Unknown,Unknown,Unknown,Unknown,A+ accredited,"Ants mosquitoes roaches spiders general pest",Unknown likely yes not explicit on Burgaw page,Tailored details Unknown,Unknown,Unknown,Unknown,Unknown,Unknown,Contact form,Unknown,Basic service-area pages,50-year family A+ BBB Pender towns,Direct,canadyandson.com Burgaw; BBB; NCPMA,2026-08-23
Pestco Exterminating,https://www.pestcoexterminating.com/,Castle Hayne / Wilmington; (910) 791-5432,"New Hanover Brunswick Pender Columbus parts of Onslow incl Jacksonville fringe; Sneads Ferry page; recently Duplin Bladen",Local / regional,Since 1974,4.90 ProsGrade,819 ProsGrade,Unknown,Unknown,Unknown,Unknown,Unknown,Unknown,Unknown,"Roaches spiders ants rodents mosquitoes fire ants fleas wasps WDI pre/post construction termite crawl seal liner dehumidifier",Yes; free termite estimates,Customized,Price match; environmentally friendly mosquito,Unknown; may match competitor quotes,Referral discounts; free termite estimates,Competitive / may match; no dollars,Unknown,Contact form,Unknown,Wix-style community-history pitch,Price match; crawl moisture; Onslow expansion,Direct,pestcoexterminating.com; ProsGrade; NCPMA,2026-08-23
Bug-N-A-Rug Exterminators,https://www.bugnarug.com/wilmington-nc-pest-control,"670 Wellington Ave Wilmington NC 28401 (910) 254-9443; 1045 Cedar Point Blvd Cedar Point NC 28584 (252) 515-3999",Wilmington metro Hampstead Cedar Point Carteret coastal Carolinas,Local two offices,Since 1996,4.9 site company-wide; PestControlReviews Wilmington 4.55/170,3323-3333 site,Unknown,Unknown,Unknown,Unknown,Unknown,Unknown,Unknown,"Residential commercial rodents wildlife ants mosquitoes Trelona termites thermal bed bugs crawl encapsulation; same-day",Yes Trelona,Packages; free callbacks,Heat bed bugs; wildlife; Cedar Point office,Free callbacks,5% off package prepay; buy 4 mosquito get 1 free; free evaluation through 08/31/2026,Percent/BOGO only,Unknown,Evaluation form,Unknown,High-volume location SEO,Dual office; heat bed bugs; review volume; mosquito BOGO,Direct,bugnarug.com Wilmington and Cedar Point; NCPMA; pestcontrolreviews.com,2026-08-23
Allied Pest Control Inc,https://www.alliedpestcontrolnc.com/,Carolina Beach / Wilmington; (910) 392-0054 and (910) 458-5045; Lic 838PW,"Wilmington Leland Hampstead Carolina Beach Cape Fear",Local,Since 1970,Unknown,Unknown,Unknown,Unknown,Unknown,Unknown,Unknown,Unknown,Unknown,"Spiders ants fleas bed bugs termites silverfish rodents mosquitoes crawlspace moisture",Yes,Unknown,Licensed insured bonded,Free estimates,Unknown,Unknown,Unknown,Phone,Unknown,Simple dated brochure,Carolina Beach hometown; beach rentals,Direct,alliedpestcontrolnc.com; NCPMA,2026-08-23
Coastal Exterminating Inc,https://www.coastalexterminatinginc.com/,"3224 N College Rd #225, Wilmington, NC 28405; (910) 392-4909",Wilmington and surrounding,Local,30 years,Unknown,Unknown,Unknown,Unknown,Unknown,Unknown,Unknown,Unknown,Unknown,Pest elimination termite prevention residential commercial,Yes,Unknown,Unknown,Unknown,Unknown,Unknown,Unknown,Phone / free estimate,Unknown,Minimal one-pager,NCPMA Wilmington member,Direct,coastalexterminatinginc.com; NCPMA,2026-08-23
Port City Pest,https://www.portcitypestnc.com/,"8209 Market St suite a-254, Wilmington, NC 28411; (910) 789-1212",New Hanover Brunswick Pender,Local,Unknown,4.98 PestControlReviews web-wide,144 PestControlReviews,Unknown,Unknown,Unknown,Unknown,Unknown,Unknown,Unknown,"Residential commercial pest mosquito termite alligator removal wildlife rodent bed bugs; pet-friendly/natural",Yes,Mosquito program; customer login,Alligator removal,Unknown,Unknown,Unknown,Mosquito worth every penny (testimonial),Contact; existing-customer login,Unknown,Clean specialty-forward,Wildlife + alligator; owner answers phone (customer-reported),Direct,portcitypestnc.com; pestcontrolreviews.com,2026-08-23
Riggs Moisture Termite and Pest,https://riggsexterminatorsnc.com/,Hampstead NC; street/phone Unknown on homepage,"Advertised: Pender New Hanover Onslow incl Holly Ridge Sneads Ferry Jacksonville Camp Lejeune Swansboro Richlands NTB; Carteret Cedar Point; Brunswick Columbus — confirm dispatch",Local,Unknown,Unknown,Unknown,Unknown,Unknown,Unknown,Unknown,Unknown,Unknown,Unknown,"Pest termite mosquito rodent moisture/crawl encapsulation WDIR; no contracts (third-party listing)",Yes,Ongoing; no-contract pitch,Moisture control as hook,Unknown,Unknown,Unknown,Honest and reasonable (testimonials),Contact form,Unknown,Modest moisture-forward site,Hampstead base; no-contract claim; moisture+pest,Direct,riggsexterminatorsnc.com; Holly Ridge service page,2026-08-23
Murray Exterminating,http://murrayexterminating.com/,"483 River Rd, Wallace, NC 28466; (910) 328-1049; Lic 759PW392",Wallace SE NC; overlaps Maple Hill Burgaw Jacksonville fringe (exact list Unknown),Local,~1980,Unknown,Unknown,Unknown,Unknown,Unknown,Unknown,Unknown,Unknown,Not accredited,Pest control details Unknown,Unknown,Unknown,Unknown,Unknown,Unknown,Unknown,Unknown,Unknown,Unknown,Unknown,NCPMA Duplin-Pender edge operator,Adjacent / Direct fringe,BBB Wallace; NCPMA,2026-08-23
Carolina Exterminators,Unknown,"500 Lucas Ave, Rocky Point, NC 28457","Directory: Castle Hayne Burgaw Wilmington Hampstead Leland Maple Hill Wrightsville Wallace Holly Ridge",Local,25+ years (customer-reported Robert),5/5 PestControlReviews,7,Unknown,Unknown,Unknown,Unknown,Unknown,Unknown,Unknown,Unknown beyond pest,Unknown,Unknown,Unknown,Unknown,Unknown,Unknown,Affordable (customer-reported),Unknown,Unknown,Directory-only web presence,Rocky Point hometown inside B&T Pender list,Direct,NCPMA; pestcontrolreviews.com Rocky Point,2026-08-23
Best Pest Management,https://bestpestmanagementnc.com/,"802 Barbon Beck Ln, Leland, NC 28451; (910) 553-1063; Scott Douglas and Zac Ahrens",Pender New Hanover Brunswick,Local small,Unknown,Unknown (handful of Yelp/MapQuest),Unknown,Unknown,Unknown,Unknown,Unknown,Unknown,Unknown,Unknown,"General pest mosquito yard flea tick termite bonds/treatments flies fire ants German roach hornet/wasp rodent",Yes treatments and bonds,Implied,Owner-tech model,30-day revisit/re-treat free,Unknown,Best Price slogan; no dollars,Unknown,Quote/phone,Unknown,Small-business WordPress copyright 2023,30-day guarantee; Brunswick-Pender into Wilmington,Direct,bestpestmanagementnc.com; Nextdoor; NCPMA,2026-08-23
Avid Pest Pro,Unknown,Winnabow NC (NCPMA),Brunswick adjacent to Wilmington; B&T city dispatch Unknown,Local,Unknown,Unknown,Unknown,Unknown,Unknown,Unknown,Unknown,Unknown,Unknown,Unknown,Unknown,Unknown,Unknown,Unknown,Unknown,Unknown,Unknown,Unknown,Unknown,Unknown,Unknown,NCPMA edge-market member,Adjacent,NCPMA member list Feb 8 2024,2026-08-23
Bugs Etc Inc,https://fleamaxx.com/,"5751 Oleander Drive Suite 3, Wilmington, NC 28403; (910) 799-0746",Wilmington area since 1994,Local,Since 1994,Unknown,Unknown,Unknown,Unknown,Unknown,Unknown,Unknown,Unknown,Unknown,"DIY products FleaMaxx plus professional operators; fire ants termites fleas roaches carpenter bees ticks",Yes,Unknown,Retail DIY Pest Depot,FleaMaxx 1-year flea guarantee,Unknown,Unknown,Unknown,Store + service,Unknown,Dated Suffusion theme,Steals DIY segment plus offers service,Direct,fleamaxx.com; pestcontrolreviews.com,2026-08-23
All American Pest Control Company LLC,Unknown,"208-A Jacob Dr, Morehead City, NC 28557; also Beaufort; (252) 726-8899; Lic 1526PW",Crystal Coast; overlap Newport Cape Carteret Cedar Point Swansboro fringe,Local,Unknown,Unknown,Unknown,Unknown,Unknown,Unknown,Unknown,Unknown,Unknown,Not accredited,Residential/commercial pest and termite,Yes,Unknown,Unknown,Unknown,Unknown,Unknown,Unknown,Unknown,Unknown,Unknown,Crystal Coast NCPMA member,Direct Carteret,BBB Morehead; NCPMA,2026-08-23
Professional Pest Services Inc,Unknown,Morehead City NC (NCPMA),Crystal Coast overlap,Local,Unknown,Unknown,Unknown,Unknown,Unknown,Unknown,Unknown,Unknown,Unknown,Unknown,Unknown,Unknown,Unknown,Unknown,Unknown,Unknown,Unknown,Unknown,Unknown,Unknown,Unknown,NCPMA Morehead member,Direct Carteret,NCPMA member list,2026-08-23
East Coast Pest Control of NC,Unknown,Atlantic Beach NC (NCPMA),Carteret overlap Cape Carteret Newport Cedar Point,Local,Unknown,Unknown,Unknown,Unknown,Unknown,Unknown,Unknown,Unknown,Unknown,Unknown,Unknown,Unknown,Unknown,Unknown,Unknown,Unknown,Unknown,Unknown,Unknown,Unknown,Unknown,NCPMA Atlantic Beach member,Direct Carteret,NCPMA member list,2026-08-23
The X-Team Termite and Pest Control,Unknown,New Bern NC (NCPMA),May reach Maysville/Jones and eastern Onslow; dispatch Unknown,Local,Unknown,Unknown,Unknown,Unknown,Unknown,Unknown,Unknown,Unknown,Unknown,Unknown,Unknown,Unknown,Unknown,Unknown,Unknown,Unknown,Unknown,Unknown,Unknown,Unknown,Unknown,NCPMA New Bern member,Adjacent,NCPMA member list,2026-08-23
Helping Hands Pest Control,Unknown,New Bern NC (NCPMA),Overlap Unknown,Local,Unknown,Unknown,Unknown,Unknown,Unknown,Unknown,Unknown,Unknown,Unknown,Unknown,Unknown,Unknown,Unknown,Unknown,Unknown,Unknown,Unknown,Unknown,Unknown,Unknown,Unknown,NCPMA New Bern member,Adjacent,NCPMA member list,2026-08-23
River Pest,Unknown,New Bern NC (NCPMA),Overlap Unknown,Local,Unknown,Unknown,Unknown,Unknown,Unknown,Unknown,Unknown,Unknown,Unknown,Unknown,Unknown,Unknown,Unknown,Unknown,Unknown,Unknown,Unknown,Unknown,Unknown,Unknown,Unknown,NCPMA New Bern member,Adjacent,NCPMA member list,2026-08-23
Wildlife Removal Professionals,https://wilmingtonwildliferemoval.com/,Wilmington / New Hanover; (910) 933-0393,New Hanover,Local specialist,Unknown exact,Unknown,Unknown,Unknown,Unknown,Unknown,Unknown,Unknown,Unknown,Unknown,"Squirrels raccoons skunks rats mice opossums snakes bats birds; repair exclusion attic chimney 32-point inspection; 24/7; same-day/next-day",No,Unknown,24/7 wildlife-only,Unknown,Unknown,Unknown,Unknown,Phone quote,Unknown,Specialist site,24/7 wildlife vs bundled pest companies,Direct Wilmington,wilmingtonwildliferemoval.com,2026-08-23
